INSERT INTO t_usertype
	(usertype_id,usertype) 
VALUES
('1','社員')
,('2','ゲスト')
,('9','管理者')
;

INSERT INTO t_user
	(user_id,user_name,user_kana,password,usertype_id)
VALUES 
 ('u001','渡部 妃菜', 'ワタベ ヒナ','1234','1')
,('u002','安田 敬太', 'ヤスダ ケイタ','1234','1')
,('u003','前田 稟',   'マエダ リン','1234','1')
,('u004','山本 明莉', 'ヤマモト アカリ','1234','1')
,('u005','斉藤 万葉', 'サイトウ マヨ','1234','1')
,('u006','高野 歩',   'タカノ アユミ','1234','1')
,('u007','尾崎 沙織', 'オザキ サオリ','1234','1')
,('u008','菅原 直子', 'スガハラ ナオコ','1234','1')
,('u009','大島 ゆら',  'オオシマ ユラ','1234','1')
,('u010','中西 陽花', 'ナカニシ ヨウカ','1234','1')
,('t001', 'ゲスト1',   'ゲスト1','3456','2')
,('t002', 'ゲスト2',   'ゲスト2','3456','2')
,('t003', 'ゲスト3',   'ゲスト3','3456','2')
,('admin', '管理者',  'カンリシャ','5678','9')
;


INSERT INTO t_rstinfo
	(rst_name,rst_kana,rst_address,rst_holiday,start_time,end_time,tel_num, genre
    ,rst_info) 
VALUES
('居酒屋 ひなた','いざかや　ひなた','福岡県福岡市中央区今泉2丁目3-31 プロペリスタ今泉Ⅱ　１階','不定休','18:00','03:00','050-1234-5678'
  ,'居酒屋、もつ鍋、魚介料理・海鮮料理','福岡市にある【ひなた】は路地裏にある隠れ家的居酒屋。一歩中に入ると、活気にあふれたスタッフの声が響く、シックでモダンな和風の内装のお店です。料理は九州のうまい料理 ”もつ鍋” "水炊" "お刺身" "博多地鶏"等を取り揃えております。タッフの心配りも細やかなので、一人でも気軽に立ち寄れるお店です。遅い仕事帰りの方にも嬉しい深夜3時までの営業も魅力。'
),
('肉が一番','にくがいちばん','福岡県福岡市中央区高砂1-5-10','なし','17:30','22:30','050-3245-1079','ステーキ、すき焼き、しゃぶしゃぶ'
  ,'前日までのご予約の際に、記念日やお祝い等のご利用との旨をお伝えいただけますと、細やかながらシャンパンのサービスをさせて頂きます。・お祝い・サプライズについては、ご予約時など事前にご相談ください。※paypayご利用いただけます。'
),
('天王福岡店','てんのうふくおかてん','福岡県福岡市中央区春吉3-21-28 ﾛﾏﾈｽｸﾘｿﾞｰﾄ西中洲６階','無休／年末年始・ＧＷ・お盆等も営業いたします！','17:00','03:00','050-3456-2333','居酒屋、郷土料理（その他）、もつ鍋'
  ,'野菜料理にこだわる、魚料理にこだわる、健康・美容メニューあり。日本酒あり、焼酎あり、ワインあり、カクテルあり、日本酒にこだわる、焼酎にこだわる、ワインにこだわる、カクテルにこだわる'
);

INSERT INTO t_review
	(eval_point,review_comment,rst_id, user_id)
VALUES
  (4,'メニューも豊富でしたがいかんせんお腹がいっぱいでそんなにお料理を頼む事ができませんでしたが創作料理的なメニューが多い印象でした。',1,'u007')
 ,(5,'この店は、お肉のボリュームが有って安い、肉好きの聖地。',2,'u003')
 ,(4,'お酒好きの多い、ちょっとグルメな人たち」向けのお店だと思いました。 ',1,'t001')
 ,(4,'透き通った活ヤリイカは禁断の美味しさ！活造りだけでは終わらないよ～',3,'u002')
 ,(3,'駅から遠いのが難点だが、それでもまた利用したいお店',1,'u010')
 ;